<?xml version='1.0' encoding='UTF-8' ?>
<timeLogEntries>
  <time id="75" path="/Proyecto/PSP Fundamentals &amp; Advanced/Program 7/Planning" start="@1493688334000" delta="15" flag="A" />
  <time id="76" flag="D" />
  <time id="77" path="/Proyecto/PSP Fundamentals &amp; Advanced/Program 7/Design" start="@1493689277000" delta="39" flag="A" />
  <time id="78" flag="D" />
  <time id="79" path="/Proyecto/PSP Fundamentals &amp; Advanced/Program 7/Design Review" start="@1493690504000" delta="20" flag="A" />
  <time id="80" flag="D" />
  <time id="81" flag="D" />
  <time id="82" flag="D" />
  <time id="83" path="/Proyecto/PSP Fundamentals &amp; Advanced/Program 7/Code" start="@1493691811000" delta="96" flag="A" />
  <time id="84" flag="D" />
  <time id="85" path="/Proyecto/PSP Fundamentals &amp; Advanced/Program 7/Code Review" start="@1493780465000" delta="16" flag="A" />
  <time id="86" flag="D" />
  <time id="87" path="/Proyecto/PSP Fundamentals &amp; Advanced/Program 7/Compile" start="@1493847101000" delta="19" flag="A" />
  <time id="88" flag="D" />
  <time id="89" path="/Proyecto/PSP Fundamentals &amp; Advanced/Program 7/Test" start="@1493866813000" delta="31" flag="A" />
  <time id="90" flag="D" />
  <time id="91" path="/Proyecto/PSP Fundamentals &amp; Advanced/Program 7/Postmortem" start="@1493868791795" delta="12" flag="A" />
</timeLogEntries>
